<?xml version="1.0" encoding="windows-1252" ?>
<!DOCTYPE AppModule SYSTEM "jbo_03_01.dtd">
<!---->
<AppModule
  xmlns="http://xmlns.oracle.com/bc4j"
  Name="AppModule"
  Version="12.2.1.22.48"
  InheritPersonalization="merge"
  ComponentClass="com.oracle.model.AppModuleImpl"
  DefClass="com.oracle.model.AppModuleDefImpl"
  ClearCacheOnRollback="true"
  ComponentInterface="com.oracle.model.common.AppModule">
  <DesignTime>
    <Attr Name="_isDefCodegen" Value="true"/>
    <Attr Name="_isCodegen" Value="true"/>
  </DesignTime>
  <ViewUsage
    Name="CctContractsTmgView1"
    ViewObjectName="com.oracle.model.CctContractsTmgView"/>
  <ClientInterface
    Name="__clientInterface">
    <Method
      Name="buildDynamicSQL"
      MethodName="buildDynamicSQL">
      <Return
        Name="_return_type_"
        Type="java.util.Map"
        IsGeneric="true">
        <Element
          Name="String"
          Type="java.lang.String"/>
        <Element
          Name="Object"
          Type="java.lang.Object"/>
      </Return>
      <Parameter
        Name="actionType"
        Type="java.lang.String"/>
      <Parameter
        Name="filterAttributes"
        Type="java.lang.String"/>
      <Parameter
        Name="filterValues"
        Type="java.lang.String"/>
      <Parameter
        Name="filterOperations"
        Type="java.lang.String"/>
      <Parameter
        Name="displayColumns"
        Type="java.lang.String"/>
    </Method>
    <Method
      Name="executeDynamicQuery"
      MethodName="executeDynamicQuery">
      <Return
        Name="_return_type_"
        Type="java.util.Map"
        IsGeneric="true">
        <Element
          Name="String"
          Type="java.lang.String"/>
        <Element
          Name="Object"
          Type="java.lang.Object"/>
      </Return>
      <Parameter
        Name="sqlQuery"
        Type="java.lang.String"/>
      <Parameter
        Name="paramValues"
        Type="java.lang.String[]"/>
      <Parameter
        Name="paramTypes"
        Type="java.lang.String[]"/>
    </Method>
    <Method
      Name="executeNLPQuery"
      MethodName="executeNLPQuery">
      <Return
        Name="_return_type_"
        Type="java.util.Map"
        IsGeneric="true">
        <Element
          Name="String"
          Type="java.lang.String"/>
        <Element
          Name="Object"
          Type="java.lang.Object"/>
      </Return>
      <Parameter
        Name="actionType"
        Type="java.lang.String"/>
      <Parameter
        Name="filterAttributes"
        Type="java.lang.String"/>
      <Parameter
        Name="filterValues"
        Type="java.lang.String"/>
      <Parameter
        Name="filterOperations"
        Type="java.lang.String"/>
      <Parameter
        Name="displayColumns"
        Type="java.lang.String"/>
    </Method>
    <Method
      Name="pullContractDatesByAwardNumber"
      MethodName="pullContractDatesByAwardNumber">
      <Return
        Name="_return_type_"
        Type="java.util.Map"/>
      <Parameter
        Name="awardNumber"
        Type="java.lang.String"/>
    </Method>
    <Method
      Name="pullContractsByFilters"
      MethodName="pullContractsByFilters">
      <Return
        Name="_return_type_"
        Type="java.util.Map"/>
      <Parameter
        Name="userName"
        Type="java.lang.String"/>
      <Parameter
        Name="dateFilters"
        Type="java.util.List"/>
      <Parameter
        Name="query"
        Type="java.lang.String"/>
    </Method>
    <Method
      Name="pullCustomerDetails"
      MethodName="pullCustomerDetails">
      <Return
        Name="_return_type_"
        Type="java.util.Map"
        IsGeneric="true">
        <Element
          Name="String"
          Type="java.lang.String"/>
        <Element
          Name="Object"
          Type="java.lang.Object"/>
      </Return>
      <Parameter
        Name="customerNumber"
        Type="java.lang.String"/>
    </Method>
    <Method
      Name="createContractByBOT"
      MethodName="createContractByBOT">
      <Return
        Name="_return_type_"
        Type="java.util.Map"
        IsGeneric="true">
        <Element
          Name="String"
          Type="java.lang.String"/>
        <Element
          Name="Object"
          Type="java.lang.Object"/>
      </Return>
      <Parameter
        Name="contractData"
        Type="java.util.Map"
        IsGeneric="true">
        <Element
          Name="String"
          Type="java.lang.String"/>
        <Element
          Name="Object"
          Type="java.lang.Object"/>
      </Parameter>
      <Parameter
        Name="createdBy"
        Type="java.lang.String"/>
    </Method>
  </ClientInterface>
</AppModule>
