<?xml version="1.0" encoding="windows-1252" ?>
<!DOCTYPE Entity SYSTEM "jbo_03_01.dtd">
<!---->
<Entity
  xmlns="http://xmlns.oracle.com/bc4j"
  Name="CctContractsTmg"
  Version="12.2.1.22.48"
  InheritPersonalization="merge"
  DBObjectType="table"
  DBObjectName="CCT_CONTRACTS_TMG"
  AliasName="CctContractsTmg"
  BindingStyle="OracleName">
  <Attribute
    Name="ContractName"
    Precision="200"
    ColumnName="CONTRACT_NAME"
    SQLType="VARCHAR"
    Type="java.lang.String"
    ColumnType="VARCHAR2"
    TableName="CCT_CONTRACTS_TMG">
    <DesignTime>
      <Attr Name="_DisplaySize" Value="200"/>
    </DesignTime>
  </Attribute>
  <Attribute
    Name="CustomerName"
    Precision="200"
    ColumnName="CUSTOMER_NAME"
    SQLType="VARCHAR"
    Type="java.lang.String"
    ColumnType="VARCHAR2"
    TableName="CCT_CONTRACTS_TMG">
    <DesignTime>
      <Attr Name="_DisplaySize" Value="200"/>
    </DesignTime>
  </Attribute>
  <Attribute
    Name="EffectiveDate"
    ColumnName="EFFECTIVE_DATE"
    SQLType="DATE"
    Type="java.sql.Timestamp"
    ColumnType="DATE"
    TableName="CCT_CONTRACTS_TMG"/>
  <Attribute
    Name="ExpirationDate"
    ColumnName="EXPIRATION_DATE"
    SQLType="DATE"
    Type="java.sql.Timestamp"
    ColumnType="DATE"
    TableName="CCT_CONTRACTS_TMG"/>
  <Attribute
    Name="PaymentTerms"
    Precision="100"
    ColumnName="PAYMENT_TERMS"
    SQLType="VARCHAR"
    Type="java.lang.String"
    ColumnType="VARCHAR2"
    TableName="CCT_CONTRACTS_TMG">
    <DesignTime>
      <Attr Name="_DisplaySize" Value="100"/>
    </DesignTime>
  </Attribute>
  <Attribute
    Name="Incoterms"
    Precision="50"
    ColumnName="INCOTERMS"
    SQLType="VARCHAR"
    Type="java.lang.String"
    ColumnType="VARCHAR2"
    TableName="CCT_CONTRACTS_TMG">
    <DesignTime>
      <Attr Name="_DisplaySize" Value="50"/>
    </DesignTime>
  </Attribute>
  <Attribute
    Name="Status"
    Precision="50"
    ColumnName="STATUS"
    SQLType="VARCHAR"
    Type="java.lang.String"
    ColumnType="VARCHAR2"
    TableName="CCT_CONTRACTS_TMG">
    <DesignTime>
      <Attr Name="_DisplaySize" Value="50"/>
    </DesignTime>
  </Attribute>
  <Attribute
    Name="ContractType"
    Precision="100"
    ColumnName="CONTRACT_TYPE"
    SQLType="VARCHAR"
    Type="java.lang.String"
    ColumnType="VARCHAR2"
    TableName="CCT_CONTRACTS_TMG">
    <DesignTime>
      <Attr Name="_DisplaySize" Value="100"/>
    </DesignTime>
  </Attribute>
  <Attribute
    Name="PriceExpirationDate"
    ColumnName="PRICE_EXPIRATION_DATE"
    SQLType="DATE"
    Type="java.sql.Timestamp"
    ColumnType="DATE"
    TableName="CCT_CONTRACTS_TMG"/>
  <Attribute
    Name="ContractLength"
    ColumnName="CONTRACT_LENGTH"
    SQLType="NUMERIC"
    Type="java.math.BigDecimal"
    ColumnType="NUMBER"
    TableName="CCT_CONTRACTS_TMG"/>
  <Attribute
    Name="Currency"
    Precision="10"
    ColumnName="CURRENCY"
    SQLType="VARCHAR"
    Type="java.lang.String"
    ColumnType="VARCHAR2"
    TableName="CCT_CONTRACTS_TMG">
    <DesignTime>
      <Attr Name="_DisplaySize" Value="10"/>
    </DesignTime>
  </Attribute>
  <Attribute
    Name="MinInvObligation"
    Precision="15"
    Scale="2"
    ColumnName="MIN_INV_OBLIGATION"
    SQLType="NUMERIC"
    Type="java.math.BigDecimal"
    ColumnType="NUMBER"
    TableName="CCT_CONTRACTS_TMG"/>
  <Attribute
    Name="IsProgram"
    Precision="1"
    ColumnName="IS_PROGRAM"
    SQLType="CHAR"
    Type="java.lang.String"
    ColumnType="CHAR"
    TableName="CCT_CONTRACTS_TMG"
    RetrievedOnUpdate="true"
    RetrievedOnInsert="true">
    <DesignTime>
      <Attr Name="_DisplaySize" Value="1"/>
    </DesignTime>
  </Attribute>
  <Attribute
    Name="IsHppUnpricedContract"
    Precision="1"
    ColumnName="IS_HPP_UNPRICED_CONTRACT"
    SQLType="CHAR"
    Type="java.lang.String"
    ColumnType="CHAR"
    TableName="CCT_CONTRACTS_TMG"
    RetrievedOnUpdate="true"
    RetrievedOnInsert="true">
    <DesignTime>
      <Attr Name="_DisplaySize" Value="1"/>
    </DesignTime>
  </Attribute>
  <Attribute
    Name="Cmi"
    Precision="1"
    ColumnName="CMI"
    SQLType="CHAR"
    Type="java.lang.String"
    ColumnType="CHAR"
    TableName="CCT_CONTRACTS_TMG"
    RetrievedOnUpdate="true"
    RetrievedOnInsert="true">
    <DesignTime>
      <Attr Name="_DisplaySize" Value="1"/>
    </DesignTime>
  </Attribute>
  <Attribute
    Name="Vmi"
    Precision="1"
    ColumnName="VMI"
    SQLType="CHAR"
    Type="java.lang.String"
    ColumnType="CHAR"
    TableName="CCT_CONTRACTS_TMG"
    RetrievedOnUpdate="true"
    RetrievedOnInsert="true">
    <DesignTime>
      <Attr Name="_DisplaySize" Value="1"/>
    </DesignTime>
  </Attribute>
  <Attribute
    Name="Edi"
    Precision="1"
    ColumnName="EDI"
    SQLType="CHAR"
    Type="java.lang.String"
    ColumnType="CHAR"
    TableName="CCT_CONTRACTS_TMG"
    RetrievedOnUpdate="true"
    RetrievedOnInsert="true">
    <DesignTime>
      <Attr Name="_DisplaySize" Value="1"/>
    </DesignTime>
  </Attribute>
  <Attribute
    Name="MinMax"
    Precision="1"
    ColumnName="MIN_MAX"
    SQLType="CHAR"
    Type="java.lang.String"
    ColumnType="CHAR"
    TableName="CCT_CONTRACTS_TMG"
    RetrievedOnUpdate="true"
    RetrievedOnInsert="true">
    <DesignTime>
      <Attr Name="_DisplaySize" Value="1"/>
    </DesignTime>
  </Attribute>
  <Attribute
    Name="Bailment"
    Precision="1"
    ColumnName="BAILMENT"
    SQLType="CHAR"
    Type="java.lang.String"
    ColumnType="CHAR"
    TableName="CCT_CONTRACTS_TMG"
    RetrievedOnUpdate="true"
    RetrievedOnInsert="true">
    <DesignTime>
      <Attr Name="_DisplaySize" Value="1"/>
    </DesignTime>
  </Attribute>
  <Attribute
    Name="Consignment"
    Precision="1"
    ColumnName="CONSIGNMENT"
    SQLType="CHAR"
    Type="java.lang.String"
    ColumnType="CHAR"
    TableName="CCT_CONTRACTS_TMG"
    RetrievedOnUpdate="true"
    RetrievedOnInsert="true">
    <DesignTime>
      <Attr Name="_DisplaySize" Value="1"/>
    </DesignTime>
  </Attribute>
  <Attribute
    Name="Kitting"
    Precision="1"
    ColumnName="KITTING"
    SQLType="CHAR"
    Type="java.lang.String"
    ColumnType="CHAR"
    TableName="CCT_CONTRACTS_TMG"
    RetrievedOnUpdate="true"
    RetrievedOnInsert="true">
    <DesignTime>
      <Attr Name="_DisplaySize" Value="1"/>
    </DesignTime>
  </Attribute>
  <Attribute
    Name="Pl3"
    Precision="1"
    ColumnName="PL_3"
    SQLType="CHAR"
    Type="java.lang.String"
    ColumnType="CHAR"
    TableName="CCT_CONTRACTS_TMG"
    RetrievedOnUpdate="true"
    RetrievedOnInsert="true">
    <DesignTime>
      <Attr Name="_DisplaySize" Value="1"/>
    </DesignTime>
  </Attribute>
  <Attribute
    Name="Pl4"
    Precision="1"
    ColumnName="PL_4"
    SQLType="CHAR"
    Type="java.lang.String"
    ColumnType="CHAR"
    TableName="CCT_CONTRACTS_TMG"
    RetrievedOnUpdate="true"
    RetrievedOnInsert="true">
    <DesignTime>
      <Attr Name="_DisplaySize" Value="1"/>
    </DesignTime>
  </Attribute>
  <Attribute
    Name="FslLocation"
    Precision="100"
    ColumnName="FSL_LOCATION"
    SQLType="VARCHAR"
    Type="java.lang.String"
    ColumnType="VARCHAR2"
    TableName="CCT_CONTRACTS_TMG">
    <DesignTime>
      <Attr Name="_DisplaySize" Value="100"/>
    </DesignTime>
  </Attribute>
  <Attribute
    Name="VendingMachines"
    Precision="1"
    ColumnName="VENDING_MACHINES"
    SQLType="CHAR"
    Type="java.lang.String"
    ColumnType="CHAR"
    TableName="CCT_CONTRACTS_TMG"
    RetrievedOnUpdate="true"
    RetrievedOnInsert="true">
    <DesignTime>
      <Attr Name="_DisplaySize" Value="1"/>
    </DesignTime>
  </Attribute>
  <Attribute
    Name="ServiceFeeApplies"
    Precision="1"
    ColumnName="SERVICE_FEE_APPLIES"
    SQLType="CHAR"
    Type="java.lang.String"
    ColumnType="CHAR"
    TableName="CCT_CONTRACTS_TMG"
    RetrievedOnUpdate="true"
    RetrievedOnInsert="true">
    <DesignTime>
      <Attr Name="_DisplaySize" Value="1"/>
    </DesignTime>
  </Attribute>
  <Attribute
    Name="ECommerceAccess"
    Precision="1"
    ColumnName="E_COMMERCE_ACCESS"
    SQLType="CHAR"
    Type="java.lang.String"
    ColumnType="CHAR"
    TableName="CCT_CONTRACTS_TMG"
    RetrievedOnUpdate="true"
    RetrievedOnInsert="true">
    <DesignTime>
      <Attr Name="_DisplaySize" Value="1"/>
    </DesignTime>
  </Attribute>
  <Attribute
    Name="Gt25"
    Precision="1"
    ColumnName="GT_25"
    SQLType="CHAR"
    Type="java.lang.String"
    ColumnType="CHAR"
    TableName="CCT_CONTRACTS_TMG"
    RetrievedOnUpdate="true"
    RetrievedOnInsert="true">
    <DesignTime>
      <Attr Name="_DisplaySize" Value="1"/>
    </DesignTime>
  </Attribute>
  <Attribute
    Name="PartFile"
    Precision="200"
    ColumnName="PART_FILE"
    SQLType="VARCHAR"
    Type="java.lang.String"
    ColumnType="VARCHAR2"
    TableName="CCT_CONTRACTS_TMG">
    <DesignTime>
      <Attr Name="_DisplaySize" Value="200"/>
    </DesignTime>
  </Attribute>
  <Attribute
    Name="PmaTsoApplies"
    Precision="1"
    ColumnName="PMA_TSO_APPLIES"
    SQLType="CHAR"
    Type="java.lang.String"
    ColumnType="CHAR"
    TableName="CCT_CONTRACTS_TMG"
    RetrievedOnUpdate="true"
    RetrievedOnInsert="true">
    <DesignTime>
      <Attr Name="_DisplaySize" Value="1"/>
    </DesignTime>
  </Attribute>
  <Attribute
    Name="DfarApplies"
    Precision="1"
    ColumnName="DFAR_APPLIES"
    SQLType="CHAR"
    Type="java.lang.String"
    ColumnType="CHAR"
    TableName="CCT_CONTRACTS_TMG"
    RetrievedOnUpdate="true"
    RetrievedOnInsert="true">
    <DesignTime>
      <Attr Name="_DisplaySize" Value="1"/>
    </DesignTime>
  </Attribute>
  <Attribute
    Name="AslApplies"
    Precision="1"
    ColumnName="ASL_APPLIES"
    SQLType="CHAR"
    Type="java.lang.String"
    ColumnType="CHAR"
    TableName="CCT_CONTRACTS_TMG"
    RetrievedOnUpdate="true"
    RetrievedOnInsert="true">
    <DesignTime>
      <Attr Name="_DisplaySize" Value="1"/>
    </DesignTime>
  </Attribute>
  <Attribute
    Name="AslDetail"
    Precision="500"
    ColumnName="ASL_DETAIL"
    SQLType="VARCHAR"
    Type="java.lang.String"
    ColumnType="VARCHAR2"
    TableName="CCT_CONTRACTS_TMG">
    <DesignTime>
      <Attr Name="_DisplaySize" Value="500"/>
    </DesignTime>
  </Attribute>
  <Attribute
    Name="StockingStrategy"
    Precision="100"
    ColumnName="STOCKING_STRATEGY"
    SQLType="VARCHAR"
    Type="java.lang.String"
    ColumnType="VARCHAR2"
    TableName="CCT_CONTRACTS_TMG">
    <DesignTime>
      <Attr Name="_DisplaySize" Value="100"/>
    </DesignTime>
  </Attribute>
  <Attribute
    Name="LiabilityOnInvestment"
    Precision="1"
    ColumnName="LIABILITY_ON_INVESTMENT"
    SQLType="CHAR"
    Type="java.lang.String"
    ColumnType="CHAR"
    TableName="CCT_CONTRACTS_TMG"
    RetrievedOnUpdate="true"
    RetrievedOnInsert="true">
    <DesignTime>
      <Attr Name="_DisplaySize" Value="1"/>
    </DesignTime>
  </Attribute>
  <Attribute
    Name="HppLanguage"
    Precision="500"
    ColumnName="HPP_LANGUAGE"
    SQLType="VARCHAR"
    Type="java.lang.String"
    ColumnType="VARCHAR2"
    TableName="CCT_CONTRACTS_TMG">
    <DesignTime>
      <Attr Name="_DisplaySize" Value="500"/>
    </DesignTime>
  </Attribute>
  <Attribute
    Name="CsmLanguage"
    Precision="500"
    ColumnName="CSM_LANGUAGE"
    SQLType="VARCHAR"
    Type="java.lang.String"
    ColumnType="VARCHAR2"
    TableName="CCT_CONTRACTS_TMG">
    <DesignTime>
      <Attr Name="_DisplaySize" Value="500"/>
    </DesignTime>
  </Attribute>
  <Attribute
    Name="DItemLanguage"
    Precision="500"
    ColumnName="D_ITEM_LANGUAGE"
    SQLType="VARCHAR"
    Type="java.lang.String"
    ColumnType="VARCHAR2"
    TableName="CCT_CONTRACTS_TMG">
    <DesignTime>
      <Attr Name="_DisplaySize" Value="500"/>
    </DesignTime>
  </Attribute>
  <Attribute
    Name="Rebate"
    Precision="5"
    Scale="2"
    ColumnName="REBATE"
    SQLType="NUMERIC"
    Type="java.math.BigDecimal"
    ColumnType="NUMBER"
    TableName="CCT_CONTRACTS_TMG"/>
  <Attribute
    Name="LineMin"
    Precision="15"
    Scale="2"
    ColumnName="LINE_MIN"
    SQLType="NUMERIC"
    Type="java.math.BigDecimal"
    ColumnType="NUMBER"
    TableName="CCT_CONTRACTS_TMG"/>
  <Attribute
    Name="OrderMin"
    Precision="15"
    Scale="2"
    ColumnName="ORDER_MIN"
    SQLType="NUMERIC"
    Type="java.math.BigDecimal"
    ColumnType="NUMBER"
    TableName="CCT_CONTRACTS_TMG"/>
  <Attribute
    Name="EffectiveLol"
    ColumnName="EFFECTIVE_LOL"
    SQLType="DATE"
    Type="java.sql.Timestamp"
    ColumnType="DATE"
    TableName="CCT_CONTRACTS_TMG"/>
  <Attribute
    Name="PenaltiesDamages"
    Precision="500"
    ColumnName="PENALTIES_DAMAGES"
    SQLType="VARCHAR"
    Type="java.lang.String"
    ColumnType="VARCHAR2"
    TableName="CCT_CONTRACTS_TMG">
    <DesignTime>
      <Attr Name="_DisplaySize" Value="500"/>
    </DesignTime>
  </Attribute>
  <Attribute
    Name="UnusualTitleTransfer"
    Precision="500"
    ColumnName="UNUSUAL_TITLE_TRANSFER"
    SQLType="VARCHAR"
    Type="java.lang.String"
    ColumnType="VARCHAR2"
    TableName="CCT_CONTRACTS_TMG">
    <DesignTime>
      <Attr Name="_DisplaySize" Value="500"/>
    </DesignTime>
  </Attribute>
  <Attribute
    Name="RightsOfReturn"
    Precision="500"
    ColumnName="RIGHTS_OF_RETURN"
    SQLType="VARCHAR"
    Type="java.lang.String"
    ColumnType="VARCHAR2"
    TableName="CCT_CONTRACTS_TMG">
    <DesignTime>
      <Attr Name="_DisplaySize" Value="500"/>
    </DesignTime>
  </Attribute>
  <Attribute
    Name="IncentivesCredits"
    Precision="500"
    ColumnName="INCENTIVES_CREDITS"
    SQLType="VARCHAR"
    Type="java.lang.String"
    ColumnType="VARCHAR2"
    TableName="CCT_CONTRACTS_TMG">
    <DesignTime>
      <Attr Name="_DisplaySize" Value="500"/>
    </DesignTime>
  </Attribute>
  <Attribute
    Name="CancellationPrivileges"
    Precision="500"
    ColumnName="CANCELLATION_PRIVILEGES"
    SQLType="VARCHAR"
    Type="java.lang.String"
    ColumnType="VARCHAR2"
    TableName="CCT_CONTRACTS_TMG">
    <DesignTime>
      <Attr Name="_DisplaySize" Value="500"/>
    </DesignTime>
  </Attribute>
  <Attribute
    Name="BillAndHold"
    Precision="1"
    ColumnName="BILL_AND_HOLD"
    SQLType="CHAR"
    Type="java.lang.String"
    ColumnType="CHAR"
    TableName="CCT_CONTRACTS_TMG"
    RetrievedOnUpdate="true"
    RetrievedOnInsert="true">
    <DesignTime>
      <Attr Name="_DisplaySize" Value="1"/>
    </DesignTime>
  </Attribute>
  <Attribute
    Name="BuyBack"
    Precision="1"
    ColumnName="BUY_BACK"
    SQLType="CHAR"
    Type="java.lang.String"
    ColumnType="CHAR"
    TableName="CCT_CONTRACTS_TMG"
    RetrievedOnUpdate="true"
    RetrievedOnInsert="true">
    <DesignTime>
      <Attr Name="_DisplaySize" Value="1"/>
    </DesignTime>
  </Attribute>
  <Attribute
    Name="CreateDate"
    ColumnName="CREATE_DATE"
    SQLType="DATE"
    Type="java.sql.Timestamp"
    ColumnType="DATE"
    TableName="CCT_CONTRACTS_TMG"/>
  <Attribute
    Name="ProjectType"
    Precision="100"
    ColumnName="PROJECT_TYPE"
    SQLType="VARCHAR"
    Type="java.lang.String"
    ColumnType="VARCHAR2"
    TableName="CCT_CONTRACTS_TMG">
    <DesignTime>
      <Attr Name="_DisplaySize" Value="100"/>
    </DesignTime>
  </Attribute>
  <Attribute
    Name="Description"
    Precision="1000"
    ColumnName="DESCRIPTION"
    SQLType="VARCHAR"
    Type="java.lang.String"
    ColumnType="VARCHAR2"
    TableName="CCT_CONTRACTS_TMG">
    <DesignTime>
      <Attr Name="_DisplaySize" Value="1000"/>
    </DesignTime>
  </Attribute>
  <Attribute
    Name="TotalValue"
    Precision="15"
    Scale="2"
    ColumnName="TOTAL_VALUE"
    SQLType="NUMERIC"
    Type="java.math.BigDecimal"
    ColumnType="NUMBER"
    TableName="CCT_CONTRACTS_TMG"/>
  <Attribute
    Name="OpportunityNumber"
    Precision="50"
    ColumnName="OPPORTUNITY_NUMBER"
    SQLType="VARCHAR"
    Type="java.lang.String"
    ColumnType="VARCHAR2"
    TableName="CCT_CONTRACTS_TMG">
    <DesignTime>
      <Attr Name="_DisplaySize" Value="50"/>
    </DesignTime>
  </Attribute>
  <Attribute
    Name="WarehouseInfo"
    Precision="200"
    ColumnName="WAREHOUSE_INFO"
    SQLType="VARCHAR"
    Type="java.lang.String"
    ColumnType="VARCHAR2"
    TableName="CCT_CONTRACTS_TMG">
    <DesignTime>
      <Attr Name="_DisplaySize" Value="200"/>
    </DesignTime>
  </Attribute>
  <Attribute
    Name="IsTsoPma"
    Precision="1"
    ColumnName="IS_TSO_PMA"
    SQLType="CHAR"
    Type="java.lang.String"
    ColumnType="CHAR"
    TableName="CCT_CONTRACTS_TMG"
    RetrievedOnUpdate="true"
    RetrievedOnInsert="true">
    <DesignTime>
      <Attr Name="_DisplaySize" Value="1"/>
    </DesignTime>
  </Attribute>
  <Attribute
    Name="GroupType"
    Precision="100"
    ColumnName="GROUP_TYPE"
    SQLType="VARCHAR"
    Type="java.lang.String"
    ColumnType="VARCHAR2"
    TableName="CCT_CONTRACTS_TMG">
    <DesignTime>
      <Attr Name="_DisplaySize" Value="100"/>
    </DesignTime>
  </Attribute>
  <Attribute
    Name="PriceList"
    Precision="100"
    ColumnName="PRICE_LIST"
    SQLType="VARCHAR"
    Type="java.lang.String"
    ColumnType="VARCHAR2"
    TableName="CCT_CONTRACTS_TMG">
    <DesignTime>
      <Attr Name="_DisplaySize" Value="100"/>
    </DesignTime>
  </Attribute>
  <Attribute
    Name="Title"
    Precision="200"
    ColumnName="TITLE"
    SQLType="VARCHAR"
    Type="java.lang.String"
    ColumnType="VARCHAR2"
    TableName="CCT_CONTRACTS_TMG">
    <DesignTime>
      <Attr Name="_DisplaySize" Value="200"/>
    </DesignTime>
  </Attribute>
  <Attribute
    Name="Comments"
    Precision="1000"
    ColumnName="COMMENTS"
    SQLType="VARCHAR"
    Type="java.lang.String"
    ColumnType="VARCHAR2"
    TableName="CCT_CONTRACTS_TMG">
    <DesignTime>
      <Attr Name="_DisplaySize" Value="1000"/>
    </DesignTime>
  </Attribute>
  <Attribute
    Name="ImplCode"
    Precision="50"
    ColumnName="IMPL_CODE"
    SQLType="VARCHAR"
    Type="java.lang.String"
    ColumnType="VARCHAR2"
    TableName="CCT_CONTRACTS_TMG"
    PrimaryKey="true">
    <DesignTime>
      <Attr Name="_DisplaySize" Value="50"/>
    </DesignTime>
  </Attribute>
  <Attribute
    Name="SItemLanguage"
    Precision="500"
    ColumnName="S_ITEM_LANGUAGE"
    SQLType="VARCHAR"
    Type="java.lang.String"
    ColumnType="VARCHAR2"
    TableName="CCT_CONTRACTS_TMG">
    <DesignTime>
      <Attr Name="_DisplaySize" Value="500"/>
    </DesignTime>
  </Attribute>
  <Attribute
    Name="ExternalContractNumber"
    Precision="100"
    ColumnName="EXTERNAL_CONTRACT_NUMBER"
    SQLType="VARCHAR"
    Type="java.lang.String"
    ColumnType="VARCHAR2"
    TableName="CCT_CONTRACTS_TMG">
    <DesignTime>
      <Attr Name="_DisplaySize" Value="100"/>
    </DesignTime>
  </Attribute>
  <Attribute
    Name="AccountType"
    Precision="100"
    ColumnName="ACCOUNT_TYPE"
    SQLType="VARCHAR"
    Type="java.lang.String"
    ColumnType="VARCHAR2"
    TableName="CCT_CONTRACTS_TMG">
    <DesignTime>
      <Attr Name="_DisplaySize" Value="100"/>
    </DesignTime>
  </Attribute>
  <Attribute
    Name="Competition"
    Precision="200"
    ColumnName="COMPETITION"
    SQLType="VARCHAR"
    Type="java.lang.String"
    ColumnType="VARCHAR2"
    TableName="CCT_CONTRACTS_TMG">
    <DesignTime>
      <Attr Name="_DisplaySize" Value="200"/>
    </DesignTime>
  </Attribute>
  <Attribute
    Name="ExistingContractNumber"
    Precision="100"
    ColumnName="EXISTING_CONTRACT_NUMBER"
    SQLType="VARCHAR"
    Type="java.lang.String"
    ColumnType="VARCHAR2"
    TableName="CCT_CONTRACTS_TMG">
    <DesignTime>
      <Attr Name="_DisplaySize" Value="100"/>
    </DesignTime>
  </Attribute>
  <Attribute
    Name="ExistingContractType"
    Precision="100"
    ColumnName="EXISTING_CONTRACT_TYPE"
    SQLType="VARCHAR"
    Type="java.lang.String"
    ColumnType="VARCHAR2"
    TableName="CCT_CONTRACTS_TMG">
    <DesignTime>
      <Attr Name="_DisplaySize" Value="100"/>
    </DesignTime>
  </Attribute>
  <Attribute
    Name="IsFslReq"
    Precision="1"
    ColumnName="IS_FSL_REQ"
    SQLType="CHAR"
    Type="java.lang.String"
    ColumnType="CHAR"
    TableName="CCT_CONTRACTS_TMG"
    RetrievedOnUpdate="true"
    RetrievedOnInsert="true">
    <DesignTime>
      <Attr Name="_DisplaySize" Value="1"/>
    </DesignTime>
  </Attribute>
  <Attribute
    Name="IsSiteVisitReq"
    Precision="1"
    ColumnName="IS_SITE_VISIT_REQ"
    SQLType="CHAR"
    Type="java.lang.String"
    ColumnType="CHAR"
    TableName="CCT_CONTRACTS_TMG"
    RetrievedOnUpdate="true"
    RetrievedOnInsert="true">
    <DesignTime>
      <Attr Name="_DisplaySize" Value="1"/>
    </DesignTime>
  </Attribute>
  <Attribute
    Name="LegalFormatType"
    Precision="100"
    ColumnName="LEGAL_FORMAT_TYPE"
    SQLType="VARCHAR"
    Type="java.lang.String"
    ColumnType="VARCHAR2"
    TableName="CCT_CONTRACTS_TMG">
    <DesignTime>
      <Attr Name="_DisplaySize" Value="100"/>
    </DesignTime>
  </Attribute>
  <Attribute
    Name="CustomerFocus"
    Precision="200"
    ColumnName="CUSTOMER_FOCUS"
    SQLType="VARCHAR"
    Type="java.lang.String"
    ColumnType="VARCHAR2"
    TableName="CCT_CONTRACTS_TMG">
    <DesignTime>
      <Attr Name="_DisplaySize" Value="200"/>
    </DesignTime>
  </Attribute>
  <Attribute
    Name="MoqsAmortize"
    Precision="1"
    ColumnName="MOQS_AMORTIZE"
    SQLType="CHAR"
    Type="java.lang.String"
    ColumnType="CHAR"
    TableName="CCT_CONTRACTS_TMG"
    RetrievedOnUpdate="true"
    RetrievedOnInsert="true">
    <DesignTime>
      <Attr Name="_DisplaySize" Value="1"/>
    </DesignTime>
  </Attribute>
  <Attribute
    Name="PlatformInfo"
    Precision="500"
    ColumnName="PLATFORM_INFO"
    SQLType="VARCHAR"
    Type="java.lang.String"
    ColumnType="VARCHAR2"
    TableName="CCT_CONTRACTS_TMG">
    <DesignTime>
      <Attr Name="_DisplaySize" Value="500"/>
    </DesignTime>
  </Attribute>
  <Attribute
    Name="ReturnPartListFormat"
    Precision="100"
    ColumnName="RETURN_PART_LIST_FORMAT"
    SQLType="VARCHAR"
    Type="java.lang.String"
    ColumnType="VARCHAR2"
    TableName="CCT_CONTRACTS_TMG">
    <DesignTime>
      <Attr Name="_DisplaySize" Value="100"/>
    </DesignTime>
  </Attribute>
  <Attribute
    Name="SourceProducts"
    Precision="500"
    ColumnName="SOURCE_PRODUCTS"
    SQLType="VARCHAR"
    Type="java.lang.String"
    ColumnType="VARCHAR2"
    TableName="CCT_CONTRACTS_TMG">
    <DesignTime>
      <Attr Name="_DisplaySize" Value="500"/>
    </DesignTime>
  </Attribute>
  <Attribute
    Name="Summary"
    Precision="1000"
    ColumnName="SUMMARY"
    SQLType="VARCHAR"
    Type="java.lang.String"
    ColumnType="VARCHAR2"
    TableName="CCT_CONTRACTS_TMG">
    <DesignTime>
      <Attr Name="_DisplaySize" Value="1000"/>
    </DesignTime>
  </Attribute>
  <Attribute
    Name="TargetMargin"
    Precision="5"
    Scale="2"
    ColumnName="TARGET_MARGIN"
    SQLType="NUMERIC"
    Type="java.math.BigDecimal"
    ColumnType="NUMBER"
    TableName="CCT_CONTRACTS_TMG"/>
  <Attribute
    Name="TotalPartCount"
    ColumnName="TOTAL_PART_COUNT"
    SQLType="NUMERIC"
    Type="java.math.BigDecimal"
    ColumnType="NUMBER"
    TableName="CCT_CONTRACTS_TMG"/>
  <Attribute
    Name="CrfId"
    Precision="50"
    ColumnName="CRF_ID"
    SQLType="VARCHAR"
    Type="java.lang.String"
    ColumnType="VARCHAR2"
    TableName="CCT_CONTRACTS_TMG">
    <DesignTime>
      <Attr Name="_DisplaySize" Value="50"/>
    </DesignTime>
  </Attribute>
  <Attribute
    Name="CustomerNumber"
    Precision="50"
    ColumnName="CUSTOMER_NUMBER"
    SQLType="VARCHAR"
    Type="java.lang.String"
    ColumnType="VARCHAR2"
    TableName="CCT_CONTRACTS_TMG">
    <DesignTime>
      <Attr Name="_DisplaySize" Value="50"/>
    </DesignTime>
  </Attribute>
  <Attribute
    Name="AlternateCustomers"
    Precision="500"
    ColumnName="ALTERNATE_CUSTOMERS"
    SQLType="VARCHAR"
    Type="java.lang.String"
    ColumnType="VARCHAR2"
    TableName="CCT_CONTRACTS_TMG">
    <DesignTime>
      <Attr Name="_DisplaySize" Value="500"/>
    </DesignTime>
  </Attribute>
  <Attribute
    Name="ProgramInformation"
    Precision="1000"
    ColumnName="PROGRAM_INFORMATION"
    SQLType="VARCHAR"
    Type="java.lang.String"
    ColumnType="VARCHAR2"
    TableName="CCT_CONTRACTS_TMG">
    <DesignTime>
      <Attr Name="_DisplaySize" Value="1000"/>
    </DesignTime>
  </Attribute>
  <Attribute
    Name="UltimateDestination"
    Precision="200"
    ColumnName="ULTIMATE_DESTINATION"
    SQLType="VARCHAR"
    Type="java.lang.String"
    ColumnType="VARCHAR2"
    TableName="CCT_CONTRACTS_TMG">
    <DesignTime>
      <Attr Name="_DisplaySize" Value="200"/>
    </DesignTime>
  </Attribute>
  <Attribute
    Name="CompletenessCheck"
    Precision="1"
    ColumnName="COMPLETENESS_CHECK"
    SQLType="CHAR"
    Type="java.lang.String"
    ColumnType="CHAR"
    TableName="CCT_CONTRACTS_TMG"
    RetrievedOnUpdate="true"
    RetrievedOnInsert="true">
    <DesignTime>
      <Attr Name="_DisplaySize" Value="1"/>
    </DesignTime>
  </Attribute>
  <Attribute
    Name="ProcessFlag"
    Precision="1"
    ColumnName="PROCESS_FLAG"
    SQLType="CHAR"
    Type="java.lang.String"
    ColumnType="CHAR"
    TableName="CCT_CONTRACTS_TMG"
    RetrievedOnUpdate="true"
    RetrievedOnInsert="true">
    <DesignTime>
      <Attr Name="_DisplaySize" Value="1"/>
    </DesignTime>
  </Attribute>
  <Attribute
    Name="AwardNumber"
    Precision="50"
    ColumnName="AWARD_NUMBER"
    SQLType="VARCHAR"
    Type="java.lang.String"
    ColumnType="VARCHAR2"
    TableName="CCT_CONTRACTS_TMG"
    PrimaryKey="true">
    <DesignTime>
      <Attr Name="_DisplaySize" Value="50"/>
    </DesignTime>
  </Attribute>
  <Attribute
    Name="CreatedBy"
    Precision="100"
    ColumnName="CREATED_BY"
    SQLType="VARCHAR"
    Type="java.lang.String"
    ColumnType="VARCHAR2"
    TableName="CCT_CONTRACTS_TMG">
    <DesignTime>
      <Attr Name="_DisplaySize" Value="100"/>
    </DesignTime>
  </Attribute>
  <Attribute
    Name="UpdatedBy"
    Precision="100"
    ColumnName="UPDATED_BY"
    SQLType="VARCHAR"
    Type="java.lang.String"
    ColumnType="VARCHAR2"
    TableName="CCT_CONTRACTS_TMG">
    <DesignTime>
      <Attr Name="_DisplaySize" Value="100"/>
    </DesignTime>
  </Attribute>
  <Attribute
    Name="UpdatedDate"
    ColumnName="UPDATED_DATE"
    SQLType="DATE"
    Type="java.sql.Timestamp"
    ColumnType="DATE"
    TableName="CCT_CONTRACTS_TMG"/>
  <Attribute
    Name="ExpNotifSent90"
    Precision="1"
    ColumnName="EXP_NOTIF_SENT_90"
    SQLType="CHAR"
    Type="java.lang.String"
    ColumnType="CHAR"
    TableName="CCT_CONTRACTS_TMG"
    RetrievedOnUpdate="true"
    RetrievedOnInsert="true">
    <DesignTime>
      <Attr Name="_DisplaySize" Value="1"/>
    </DesignTime>
  </Attribute>
  <Attribute
    Name="ExpNotifSent60"
    Precision="1"
    ColumnName="EXP_NOTIF_SENT_60"
    SQLType="CHAR"
    Type="java.lang.String"
    ColumnType="CHAR"
    TableName="CCT_CONTRACTS_TMG"
    RetrievedOnUpdate="true"
    RetrievedOnInsert="true">
    <DesignTime>
      <Attr Name="_DisplaySize" Value="1"/>
    </DesignTime>
  </Attribute>
  <Attribute
    Name="ExpNotifSent30"
    Precision="1"
    ColumnName="EXP_NOTIF_SENT_30"
    SQLType="CHAR"
    Type="java.lang.String"
    ColumnType="CHAR"
    TableName="CCT_CONTRACTS_TMG"
    RetrievedOnUpdate="true"
    RetrievedOnInsert="true">
    <DesignTime>
      <Attr Name="_DisplaySize" Value="1"/>
    </DesignTime>
  </Attribute>
  <Attribute
    Name="ExpNotifFeedback"
    Precision="500"
    ColumnName="EXP_NOTIF_FEEDBACK"
    SQLType="VARCHAR"
    Type="java.lang.String"
    ColumnType="VARCHAR2"
    TableName="CCT_CONTRACTS_TMG">
    <DesignTime>
      <Attr Name="_DisplaySize" Value="500"/>
    </DesignTime>
  </Attribute>
  <Attribute
    Name="AddlOpportunities"
    Precision="1000"
    ColumnName="ADDL_OPPORTUNITIES"
    SQLType="VARCHAR"
    Type="java.lang.String"
    ColumnType="VARCHAR2"
    TableName="CCT_CONTRACTS_TMG">
    <DesignTime>
      <Attr Name="_DisplaySize" Value="1000"/>
    </DesignTime>
  </Attribute>
  <Key
    Name="CctcontractstmgPrimaryKey"
    PrimaryKey="true">
    <DesignTime>
      <Attr Name="_DBObjectName" Value="CCTCONTRACTSTMG_PRIMARY_KEY"/>
    </DesignTime>
    <AttrArray Name="Attributes">
      <Item Value="com.oracle.model.CctContractsTmg.ImplCode"/>
      <Item Value="com.oracle.model.CctContractsTmg.AwardNumber"/>
    </AttrArray>
  </Key>
</Entity>
