<?xml version="1.0" encoding="windows-1252" ?>
<adfc-config xmlns="http://xmlns.oracle.com/adf/controller" version="1.2">
  <task-flow-definition id="chatbottaskflow">
    <default-activity>chat</default-activity>
    <data-control-scope>
      <shared/>
    </data-control-scope>
    <managed-bean id="__1">
    <managed-bean-name>bcctContractManagementNLPBean</managed-bean-name>
    <managed-bean-class>com.oracle.view.source.BCCTContractManagementNLPBean</managed-bean-class>
    <managed-bean-scope>pageFlow</managed-bean-scope>
  </managed-bean>
    <view id="chat">
      <page>/chat.jsff</page>
    </view>
    <use-page-fragments/>
  </task-flow-definition>
</adfc-config>
